school_name,boro,language_classes,neighborhood,building_code,location,phone_number,school_email
Brooklyn High School for Law and Technology,K,Spanish,Bedford-Stuyvesant,K987,"1396 Broadway, Brooklyn NY 11221(40.688399, -73.920603)",718-919-1256,Vjohnson5@schools.nyc.gov
International High School at Prospect Heights,K,English,Crown Heights South,K440,"883 Classon Avenue, Brooklyn NY 11225(40.669805, -73.960689)",718-230-6333,ndecastro@schools.nyc.gov
Repertory Company High School for Theatre Arts,M,"French, Spanish",Midtown,M896,"123 West 43rd Street, Manhattan NY 10036(40.756089, -73.984381)",212-382-1875,mfram@schools.nyc.gov
Thurgood Marshall Academy for Learning and Social Change,M,Spanish,Central Harlem North,M970,"200-214 West 135th Street, Manhattan NY 10030(40.815237, -73.944299)",212-283-8055,pamoakoa@schools.nyc.gov
Brooklyn Frontiers High School,K,French,DUMBO-Downtown Brooklyn,K520,"112 Schermerhorn Street, Brooklyn NY 11201(40.690007, -73.989369)",718-722-4727,info@brooklynfrontiers.org
West End Secondary School,M,English,Lincoln Square,M837,"227-243 West 61st Street, Manhattan NY 10023(40.772608, -73.988338)",212-245-1506,wessadmissions@gmail.com
Bard High School Early College Queens,Q,"Arabic, Latin, Mandarin, Spanish",Hunters Point-Sunnyside,Q735,"30-20 Thomson Avenue, Long Island City NY 11101(40.744175, -73.937004)",718-361-3133,oramos@bhsec.bard.edu
Academy of Hospitality and Tourism,K,French,Flatbush,K465,"911 Flatbush Avenue, Brooklyn NY 11226(40.649602, -73.957173)",718-564-2580,smiller18@schools.nyc.gov
School for Classics High School,K,Spanish,East New York,K218,"370 Fountain Avenue, Brooklyn NY 11208(40.67002, -73.874537)",718-277-1069,DAfanadorSoukar@schools.nyc.gov
Institute for Collaborative Education (ICE),M,Spanish,Gramercy,M475,"345 East 15th Street, Manhattan NY 10003(40.732665, -73.98259)",212-475-7972,ICEadmissions@gmail.com
"Queens High School for Information, Research, and Technology",Q,Spanish,Far Rockaway-Bayswater,Q465,"8-21 Bay 25th Street, Far Rockaway NY 11691(40.601537, -73.763995)",718-868-2978,tworley@schools.nyc.gov
Explorations Academy,X,"French, Spanish",Crotona Park East,X098,"1619 Boston Road, Bronx NY 10460(40.836245, -73.890591)",718-893-6173,krodriguez10@schools.nyc.gov
Fiorello H. LaGuardia High School of Music & Art and Performing Arts,M,"French, Italian, Japanese, Spanish",Lincoln Square,M485,"100 Amsterdam Avenue, Manhattan NY 10023(40.774202, -73.985976)",212-496-0700,admissions@laguardiahs.org
Digital Arts and Cinema Technology High School,K,Spanish,DUMBO-Downtown Brooklyn,K293,"284 Baltic Street, Brooklyn NY 11201(40.685006, -73.993293)",718-694-9741,cfox7@schools.nyc.gov
Professional Pathways High School,K,Spanish,Sheepshead Bay,K495,"3000 Avenue X, Brooklyn NY 11235(40.593157, -73.936635)",718-332-6290,ddecamp@schools.nyc.gov
Life Academy High School for Film and Music,K,Spanish,Gravesend,K400,"2630 Benson Avenue, Brooklyn NY 11214(40.593028, -73.986313)",718-333-7750,EKelch@schools.nyc.gov
"Robert F. Wagner, Jr. Secondary School for Arts and Technology",Q,Spanish,Hunters Point-Sunnyside,Q891,"47-07 30th Place, Long Island City NY 11101(40.742217, -73.936442)",718-472-5671,svu@schools.nyc.gov
Bronx Academy of Health Careers,X,Spanish,Williamsbridge-Olinville,X425,"800 East Gun Hill Road, Bronx NY 10467(40.875172, -73.861649)",718-696-3340,DSantiago3@schools.nyc.gov
Eximius College Preparatory Academy: A College Board School,X,Spanish,Claremont-Bathgate,X002,"1363 Fulton Avenue, Bronx NY 10456(40.833884, -73.902794)",718-992-7154,JDaly7@schools.nyc.gov
Frank McCourt High School,M,Spanish,Upper West Side,M470,"145 West 84th Street, Manhattan NY 10024(40.786134, -73.974483)",212-362-2015,info@fmhsnyc.org
Brooklyn Academy of Science and the Environment (BASE),K,Spanish,Crown Heights South,K440,"883 Classon Avenue, Brooklyn NY 11225(40.669805, -73.960689)",718-230-6363,jzelkow@schools.nyc.gov
Hudson High School of Learning Technologies,M,Spanish,Chelsea-Union Sq,M440,"351 West 18th Street, Manhattan NY 10011(40.743407, -74.00254)",212-488-3330,info@hudsonhs.nyc
Scholars' Academy,Q,Spanish,Breezy Point-Rockaway Park,Q180,"320 Beach 104th Street, Rockaway Park NY 11694(40.584543, -73.825162)",718-474-6918,hsadmissions@scholarsnyc.com
Bronx Aerospace High School,X,Spanish,Williamsbridge-Olinville,X425,"800 East Gun Hill Road, Bronx NY 10467(40.875172, -73.861649)",718-696-6010,ehurtado@schools.nyc.gov
Queens High School for the Sciences at York College,Q,"Mandarin, Spanish",Jamaica,Q774,"94-50 159th Street, Jamaica NY 11433(40.700884, -73.798364)",718-657-3181,BWittstruck@schools.nyc.gov
The High School for Global Citizenship,K,"French, Spanish",Crown Heights South,K440,"883 Classon Avenue, Brooklyn NY 11225(40.669805, -73.960689)",718-230-6300,mgordon11@schools.nyc.gov
Academy for Health Careers,K,"French, Spanish",Crown Heights North,K625,"150 Albany Avenue, Brooklyn NY 11213(40.675905, -73.939282)",718-773-0128,dmartin8@schools.nyc.gov
Victory Collegiate High School,K,Spanish,Canarsie,K515,"6565 Flatlands Avenue, Brooklyn NY 11236(40.634451, -73.916927)",718-968-1530,welcome@victorycollegiate.org
Academy for Young Writers,K,Spanish,East New York,K422,"1065 Elton Street, Brooklyn NY 11208(40.657266, -73.874064)",718-688-7230,admissions@afyw.org
Millennium Brooklyn High School,K,"French, Spanish",Park Slope-Gowanus,K460,"237 7th Avenue, Brooklyn NY 11215(40.669255, -73.97858)",718-832-4333,lbaumgarten@schools.nyc.gov
Port Richmond High School,R,"Italian, Spanish",Port Richmond,R445,"85 St. Josephs Avenue, Staten Island NY 10302(40.635562, -74.141924)",718-420-2100,31R445@schools.nyc.gov
Frederick Douglass Academy VII High School,K,Spanish,Brownsville,K175,"226 Bristol Street, Brooklyn NY 11212(40.665568, -73.912102)",718-485-3789,msarmstrong@fda7.org
The Boerum Hill School for International Studies,K,French,DUMBO-Downtown Brooklyn,K293,"284 Baltic Street, Brooklyn NY 11201(40.685006, -73.993293)",718-330-9390,stu.chasabenis@k497.org
High School for Excellence and Innovation,M,Spanish,Inwood,M052,"650 Academy Street, Manhattan NY 10034(40.865556, -73.925464)",212-569-1022,hsei@hseigators.org
Essex Street Academy,M,"French, Spanish",Chinatown,M445,"350 Grand Street, Manhattan NY 10002(40.717329, -73.989329)",212-475-4773,meghan@essexstreetacademy.org
Mott Hall High School,M,Spanish,Central Harlem North,M136,"6 Edgecombe Avenue, Manhattan NY 10030(40.817228, -73.947151)",212-694-6020,GVillal@schools.nyc.gov
School of the Future High School,M,"Mandarin, Spanish",Gramercy,M660,"127 East 22nd Street, Manhattan NY 10010(40.739121, -73.985323)",212-475-8086,02M413@schools.nyc.gov
Esperanza Preparatory Academy,M,Spanish,East Harlem South,M117,"240 East 109th Street, Manhattan NY 10029(40.792556, -73.942285)",212-722-6507,wmerced2@schools.nyc.gov
International Community High School,X,"French, Spanish",Mott Haven-Port Morris,X139,"345 Brook Avenue, Bronx NY 10454(40.810314, -73.918774)",718-665-4128,enrollment@ichsbronx.org
Life Sciences Secondary School,M,Spanish,Yorkville,M645,"320 East 96th Street, Manhattan NY 10128(40.783286, -73.945933)",212-348-1694,cmarshal@schools.nyc.gov
Curtis High School,R,"French, Italian, Spanish",New Brighton-St. George,R450,"105 Hamilton Avenue, Staten Island NY 10301(40.645436, -74.082149)",718-390-1800,76R450@schools.nyc.gov
Academy for Conservation and the Environment,K,Spanish,Canarsie,K515,"6565 Flatlands Avenue, Brooklyn NY 11236(40.634451, -73.916927)",718-968-4101,emazzol@schools.nyc.gov
Abraham Lincoln High School,K,"Cantonese, Spanish",West Brighton,K410,"2800 Ocean Parkway, Brooklyn NY 11235(40.582627, -73.968733)",718-333-7400,admissions@alhs.nyc
High School for Violin and Dance,X,"French, Italian, Korean, Spanish",Morrisania-Melrose,X400,"1110 Boston Road, Bronx NY 10456(40.827455, -73.90392)",718-842-0687,jabramo2@schools.nyc.gov
The Facing History School,M,Spanish,Clinton,M535,"525 West 50th Street, Manhattan NY 10019(40.765474, -73.9927)",212-757-2680,dana@facinghistoryschool.org
Westchester Square Academy,X,Spanish,Schuylerville-Throgs Neck,X405,"3000 East Tremont Avenue, Bronx NY 10461(40.839775, -73.839583)",718-904-5050,info@westchestersquare.org
N.Y.C. Lab School for Collaborative Studies,M,Spanish,Chelsea-Union Sq,M070,"333 West 17th Street, Manhattan NY 10011(40.742512, -74.002222)",212-691-6119,BJackso8@schools.nyc.gov
Park East High School,M,Spanish,East Harlem South,M495,"230 East 105th Street, Manhattan NY 10029(40.790191, -73.944092)",212-831-1517,medmonds@parkeasths.org
47 The American Sign Language and English Secondary School,M,American Sign Language,Gramercy,M047,"223 East 23rd Street, Manhattan NY 10010(40.738374, -73.981329)",917-326-6668,wshama@schools.nyc.gov
Alfred E. Smith Career and Technical Education High School,X,Spanish,Melrose S.-Mott Haven N.,X600,"333 East 151st Street, Bronx NY 10451(40.818645, -73.919949)",718-993-5000,Eschwar2@schools.nyc.gov
"Brooklyn Latin School, The",K,"Greek, Latin, Spanish",East Williamsburg,K049,"223 Graham Avenue, Brooklyn NY 11206(40.709765, -73.944463)",718-366-0154,parents@brooklynlatin.org
School for Excellence,X,Spanish,Morrisania-Melrose,X400,"1110 Boston Road, Bronx NY 10456(40.827455, -73.90392)",718-860-1385,12x404@schools.nyc.gov
A. Philip Randolph Campus High School,M,"French, Spanish",Manhattanville,M540,"443 West 135th Street, Manhattan NY 10031(40.8185, -73.949929)",212-690-6800,dfannin@schools.nyc.gov
Bayside High School,Q,"French, Japanese, Korean, Latin, Mandarin, Spanish",Bayside-Bayside Hills,Q405,"32-24 Corporal Kennedy Street, Bayside NY 11361(40.771398, -73.781041)",718-229-7600,info@baysidehighschool.org
Leadership and Public Service High School,M,Spanish,Lower Manhattan,M894,"90 Trinity Place, Manhattan NY 10006(40.708971, -74.012465)",212-346-0007,vcasey@leadershipnyc.org or info@leadershipnyc.org
High School for Energy and Technology,X,Spanish,Belmont,X660,"2474 Crotona Avenue, Bronx NY 10458(40.855392, -73.882487)",718-733-3080,enrollement@hsenergytech.org
Bronx Health Sciences High School,X,Spanish,Co-op City,X455,"750 Baychester Avenue, Bronx NY 10475(40.874035, -73.831669)",718-904-5450,mrivas@schools.nyc.gov
Kingsborough Early College School,K,Spanish,Gravesend,K400,"2630 Benson Avenue, Brooklyn NY 11214(40.593028, -73.986313)",718-333-7850,KHoffman3@schools.nyc.gov
The Urban Assembly School for Emergency Management,M,French,Chinatown,M520,"411 Pearl Street, Manhattan NY 10038(40.711441, -74.000851)",212-225-0998,info@uasem.org
Academy for Environmental Leadership,K,"French, Spanish",Bushwick,K480,"400 Irving Avenue, Brooklyn NY 11237(40.696457, -73.911751)",718-381-7100,EBaptiste3@schools.nyc.gov
High School for Health Professions and Human Services,M,Spanish,Gramercy,M475,"345 East 15th Street, Manhattan NY 10003(40.732665, -73.98259)",212-780-9175,RGentil@schools.nyc.gov
Nelson Mandela High School,K,Spanish,Bedford-Stuyvesant,K455,"1700 Fulton Street, Brooklyn NY 11213(40.678478, -73.931604)",718-804-6805,mandelaschoolforsocialjustice@gmail.com
Robert F. Kennedy Community High School,Q,"Mandarin, Spanish",Kew Gardens Hills,Q707,"75-40 Parsons Boulevard, Fresh Meadows NY 11366(40.72528, -73.811408)",718-969-5510,ABarbet@schools.nyc.gov
Performing Arts and Technology High School,K,Spanish,East New York,K435,"400 Pennsylvania Avenue, Brooklyn NY 11207(40.666868, -73.895122)",718-688-7900,sthomas65@schools.nyc.gov
"Bronx School for Law, Government and Justice",X,Spanish,E. Concourse-Concourse Village,X460,"244 East 163rd Street, Bronx NY 10451(40.827461, -73.919024)",718-410-3430,JHernan13@schools.nyc.gov
Ralph R. McKee Career and Technical Education High School,R,Spanish,New Brighton-St. George,R600,"290 St. Marks Place, Staten Island NY 10301(40.64282, -74.079263)",718-420-2600,SHenry2@schools.nyc.gov
Academy for Language and Technology,X,Spanish,University Heights-Morris Heights,X082,"1700 Macombs Road, Bronx NY 10453(40.849416, -73.915217)",718-731-0219,CTorres51@schools.nyc.gov
Dr. Susan S. McKinney Secondary School of the Arts,K,Spanish,Fort Greene,K265,"101 Park Avenue, Brooklyn NY 11205(40.697177, -73.976104)",718-834-6760,13K265@schools.nyc.gov
University Neighborhood High School,M,"Mandarin, Spanish",Lower East Side,M446,"200 Monroe Street, Manhattan NY 10002(40.712269, -73.984128)",212-962-4341,dtsao@schools.nyc.gov
High School for Medical Professions,K,Spanish,Canarsie,K500,"1600 Rockaway Parkway, Brooklyn NY 11236(40.640543, -73.898601)",718-290-8700,MRuggiero3@schools.nyc.gov
Transit Tech Career and Technical Education High School,K,Spanish,East New York,K615,"1 Wells Street, Brooklyn NY 11208(40.67878, -73.875328)",718-647-5204,19K615@schools.nyc.gov
New Utrecht High School,K,"Italian, Mandarin, Spanish",Bensonhurst West,K445,"1601 80th Street, Brooklyn NY 11214(40.613041, -74.002308)",718-232-2500,MGoldfa3@schools.nyc.gov
Community School for Social Justice,X,Spanish,West Concourse,X884,"350 Gerard Avenue, Bronx NY 10451(40.815712, -73.92996)",718-402-8481,celestehill@cssjbronx.org & candidacocco@cssjbronx.org
International High School for Health Sciences,Q,English,Elmhurst,Q455,"48-01 90th Street, Elmhurst NY 11373(40.740824, -73.874129)",718-595-8600,cfinney2@schools.nyc.gov
Frederick Douglass Academy VI High School,Q,Spanish,Far Rockaway-Bayswater,Q465,"8-21 Bay 25th Street, Far Rockaway NY 11691(40.601537, -73.763995)",718-471-2154,cogundi@schools.nyc.gov
The Bronxwood Preparatory Academy,X,Spanish,Williamsbridge-Olinville,X362,"921 East 228th Street, Bronx NY 10466(40.888242, -73.852714)",718-696-3820,jgallar@schools.nyc.gov
Bronx Collegiate Academy,X,"American Sign Language, French, Spanish",E. Concourse-Concourse Village,X410,"240 East 172nd Street, Bronx NY 10457(40.839307, -73.911366)",718-410-4077,gadon@bxcollegiate.org
Urban Assembly Maker Academy,M,"American Sign Language, Spanish",Chinatown,M520,"411 Pearl Street, Manhattan NY 10038(40.711441, -74.000851)",212-225-0890,info@uamaker.nyc
Wadleigh Secondary School for the Performing & Visual Arts,M,Spanish,Central Harlem South,M088,"215 West 114th Street, Manhattan NY 10026(40.80261, -73.954152)",212-749-5800,jdeliriano@schools.nyc.gov
Marble Hill High School for International Studies,X,"Chinese, Italian, Japanese, Spanish",Spuyten Duyvil-Kingsbridge,X475,"99 Terrace View Avenue, Bronx NY 10463(40.877379, -73.912686)",718-561-0973,Ireyes@marblehillschool.org
Institute for Health Professions at Cambria Heights,Q,French,Cambria Heights,Q490,"207- 01 116th Avenue, Cambria Heights NY 11411(40.698786, -73.74633)",718-723-7301,information@ihpch.org
East-West School of International Studies,Q,"Japanese, Korean, Mandarin, Spanish",Flushing,Q237,"46-21 Colden Street, Flushing NY 11355(40.74943, -73.821402)",718-353-0009,admissions@ewsis.org
High School for Law and Public Service,M,Spanish,Washington Heights N.,M465,"549 Audubon Avenue, Manhattan NY 10040(40.856532, -73.92606)",212-342-6130,jalmonte@06m467.com
John Dewey High School,K,"Mandarin, Spanish",Gravesend,K540,"50 Avenue X, Brooklyn NY 11223(40.58807, -73.981925)",718-373-6400,contact_jdhs@johndeweyhighschool.org
Khalil Gibran International Academy,K,"Arabic, French",DUMBO-Downtown Brooklyn,K806,"362 Schermerhorn Street, Brooklyn NY 11217(40.686147, -73.979829)",718-237-2502,nnicolas@schools.nyc.gov
August Martin High School,Q,"French, Spanish",Springfield Gardens North,Q400,"156-10 Baisley Boulevard, Jamaica NY 11434(40.673949, -73.782684)",718-528-2920,rparnel@schools.nyc.gov
Liberation Diploma Plus High School,K,Spanish,Seagate-Coney Island,K728,"2865 West 19th Street, Brooklyn NY 11224(40.576976, -73.985413)",718-946-6812,aleong@schools.nyc.gov
"Mathematics, Science Research and Technology Magnet High School",Q,Spanish,Cambria Heights,Q490,"207- 01 116th Avenue, Cambria Heights NY 11411(40.698786, -73.74633)",718-978-1837,jcruz3@schools.nyc.gov
High School of Applied Communication,Q,Spanish,Hunters Point-Sunnyside,Q735,"30-20 Thomson Avenue, Long Island City NY 11101(40.744175, -73.937004)",718-389-3163,24Q267@schools.nyc.gov
Manhattan Village Academy,M,"Latin, Spanish",Chelsea-Union Sq,M873,"43 West 22nd Street, Manhattan NY 10010(40.741963, -73.991966)",212-242-8752,hgeager@schools.nyc.gov
In-Tech Academy (M.S. / High School 368),X,"French, Spanish",Spuyten Duyvil-Kingsbridge,X368,"2975 Tibbett Avenue, Bronx NY 10463(40.877935, -73.913694)",718-432-4300,acastro@in-techacademy.org
Urban Assembly High School of Music and Art,K,Spanish,DUMBO-Downtown Brooklyn,K805,"49 Flatbush Avenue Extension, Brooklyn NY 11201(40.69733, -73.984528)",718-858-0249,Czayas4@schools.nyc.gov
Robert H. Goddard High School of Communication Arts and Technology,Q,Spanish,Ozone Park,Q202,"138-30 Lafayette Street, Ozone Park NY 11417(40.670905, -73.845992)",718-848-8357,corcinopino2@schools.nyc.gov
International High School at Lafayette,K,Spanish,Gravesend,K400,"2630 Benson Avenue, Brooklyn NY 11214(40.593028, -73.986313)",718-333-7860,jharrim@schools.nyc.gov
Jamaica Gateway to the Sciences,Q,Spanish,Briarwood-Jamaica Hills,Q470,"167-01 Gothic Drive, Jamaica NY 11432(40.714551, -73.798658)",718-480-2689,cbirchw@schools.nyc.gov
The Brooklyn Academy of Global Finance,K,Spanish,Bedford-Stuyvesant,K057,"125 Stuyvesant Avenue, Brooklyn NY 11221(40.691467, -73.932254)",718-574-3126,info@bkagf.org
Thomas A. Edison Career and Technical Education High School,Q,Spanish,Briarwood-Jamaica Hills,Q620,"165-65 84th Avenue, Jamaica NY 11432(40.716071, -73.799692)",718-297-6580,28Q620@schools.nyc.gov
High School for Media and Communications,M,"German, Spanish",Washington Heights N.,M465,"549 Audubon Avenue, Manhattan NY 10040(40.856532, -73.92606)",212-927-1841,bgalvez@schools.nyc.gov
High School for Health Careers and Sciences,M,Spanish,Washington Heights N.,M465,"549 Audubon Avenue, Manhattan NY 10040(40.856532, -73.92606)",212-927-1841,Jtrejo@schools.nyc.gov
"The Marie Curie School for Medicine, Nursing, and Health Professions",X,Spanish,Van Cortlandt Village,X143,"120 West 231st Street, Bronx NY 10463(40.875636, -73.901565)",718-432-6491,10X237@schools.nyc.gov
Marta Valle High School,M,"Italian, Spanish",Chinatown,M025,"145 Stanton Street, Manhattan NY 10002(40.72004, -73.986038)",212-473-8152,RRivera60@schools.nyc.gov
Metropolitan Expeditionary Learning School,Q,"French, Spanish",Forest Hills,Q686,"91-30 Metropolitan Avenue, Forest Hills NY 11375(40.708431, -73.855543)",718-286-3500,metropolitanels@gmail.com
"Archimedes Academy for Math, Science and Technology Applications",X,Spanish,Castle Hill-Clason Point,X174,"456 White Plains Road, Bronx NY 10473(40.815043, -73.85607)",718-617-5046,archimedesacademy@gmail.com
High School for Service & Learning at Erasmus,K,"French, Spanish",Flatbush,K465,"911 Flatbush Avenue, Brooklyn NY 11226(40.649602, -73.957173)",718-564-2551,jvaness@schools.nyc.gov
Newtown High School,Q,"French, Italian, Mandarin, Spanish",Elmhurst,Q455,"48-01 90th Street, Elmhurst NY 11373(40.740824, -73.874129)",718-595-8400,77Q455@schools.nyc.gov
Richmond Hill High School,Q,Spanish,Richmond Hill,Q475,"89-30 114th Street, Richmond Hill NY 11418(40.695171, -73.833815)",718-846-3335,contact@richmondhillhs.org
Careers In Sports High School,X,"French, Spanish",E. Concourse-Concourse Village,X790,"730 Concourse Village West, Bronx NY 10451(40.821828, -73.922366)",718-292-7110,JGarcia30@schools.nyc.gov
Brooklyn Collegiate: A College Board School,K,"Mandarin, Spanish",Ocean Hill,K055,"2021 Bergen Street, Brooklyn NY 11233(40.674456, -73.912685)",718-922-1145,HNewman@schools.nyc.gov
High School for Dual Language and Asian Studies,M,Mandarin,Chinatown,M445,"350 Grand Street, Manhattan NY 10002(40.717329, -73.989329)",212-475-4097,LYan@schools.nyc.gov
Sunset Park High School,K,Spanish,Sunset Park West,K564,"153 35th Street, Brooklyn NY 11232(40.655583, -74.004342)",718-840-1900,tnesbit-leslie@sunsetparkhighschool.org
Manhattan Early College School for Advertising,M,Spanish,Chinatown,M520,"411 Pearl Street, Manhattan NY 10038(40.711441, -74.000851)",212-225-0880,Info@meca-nyc.org
Washington Heights Expeditionary Learning School (WHEELS),M,Spanish,Washington Heights N.,M143,"511 West 182nd Street, Manhattan NY 10033(40.849311, -73.930991)",212-781-0524,a.glynn@wheelsnyc.org
Brooklyn International High School,K,English,DUMBO-Downtown Brooklyn,K805,"49 Flatbush Avenue Extension, Brooklyn NY 11201(40.69733, -73.984528)",718-643-9315,krucker@schools.nyc.gov
Hostos-Lincoln Academy of Science,X,Spanish,Melrose S.-Mott Haven N.,X162,"600 Saint Ann's Avenue, Bronx NY 10455(40.814857, -73.912038)",718-402-5640,npaarlberg@schools.nyc.gov
Young Women's Leadership School of Brooklyn (TYWLS),K,Spanish,Bushwick,K147,"325 Bushwick Avenue, Brooklyn NY 11206(40.705005, -73.93879)",718-387-5641,admissions@tywlsbrooklyn.org
Bronx Design and Construction Academy,X,"French, Spanish",Melrose S.-Mott Haven N.,X600,"333 East 151st Street, Bronx NY 10451(40.818645, -73.919949)",718-402-7690,admissions@bxdca.org
Mott Haven Village Preparatory High School,X,"French, Spanish",Melrose S.-Mott Haven N.,X470,"701 St. Anns Avenue, Bronx NY 10455(40.818041, -73.911633)",718-402-0571,mwilliams81@schools.nyc.gov
High School for Innovation in Advertising and Media,K,Spanish,Canarsie,K500,"1600 Rockaway Parkway, Brooklyn NY 11236(40.640543, -73.898601)",718-290-8760,info@iam-hs.org
Bronx Collaborative High School,X,"Japanese, Spanish",Van Cortlandt Village,X440,"100 West Mosholu Parkway South, Bronx NY 10468(40.879958, -73.889011)",718-543-1023,newstudentinfo@bxchs.org
Flushing High School,Q,"Mandarin, Spanish",Flushing,Q460,"35-01 Union Street, Flushing NY 11354(40.764892, -73.826811)",718-888-7500,MVacarr@schools.nyc.gov
Information Technology High School,Q,Spanish,Hunters Point-Sunnyside,Q725,"21-16 44th Road, Long Island City NY 11101(40.748502, -73.946488)",718-937-4270,eromanmendoza@schools.nyc.gov
William Cullen Bryant High School,Q,"Bengali, French, Greek, Spanish",Astoria,Q445,"48-10 31st Avenue, Astoria NY 11103(40.757072, -73.911165)",718-721-5404,YManrique@schools.nyc.gov
Kingsbridge International High School,X,Spanish,Van Cortlandt Village,X430,"2780 Reservoir Avenue, Bronx NY 10468(40.869061, -73.897066)",718-329-8580,Wgagstetter@schools.nyc.gov
Gregorio Luperon High School for Science and Mathematics,M,"French, Spanish",Washington Heights S.,M876,"501 West 165th Street, Manhattan NY 10032(40.8381, -73.9383)",212-928-1202,ydelaro@schools.nyc.gov
Pelham Preparatory Academy,X,Spanish,Bronxdale,X415,"925 Astor Avenue, Bronx NY 10469(40.860443, -73.860729)",718-944-3601,BFerron@schools.nyc.gov
Manhattan / Hunter Science High School,M,"French, Spanish",Lincoln Square,M490,"122 Amsterdam Avenue, Manhattan NY 10023(40.774891, -73.985608)",212-501-1235,THowell3@schools.nyc.gov
Frederick Douglass Academy,M,"French, Japanese, Spanish",Central Harlem North,M010,"2581 7th Avenue, Manhattan NY 10039(40.823988, -73.935746)",212-491-4107,AFullerton2@schools.nyc.gov
East Williamsburg Scholars Academy,K,"Cantonese, Spanish",Bushwick,K450,"850 Grand Street, Brooklyn NY 11211(40.711134, -73.938921)",718-387-2800,ewsamedia@gmail.com
James Madison High School,K,"French, Italian, Mandarin, Russian, Spanish",Madison,K425,"3787 Bedford Avenue, Brooklyn NY 11229(40.610499, -73.947661)",718-758-7200,22K425@schools.nyc.gov
Gaynor McCown Expeditionary Learning School,R,Spanish,Todt Hill-Heartland Village,R043,"100 Essex Drive, Staten Island NY 10314(40.581958, -74.159343)",718-370-6950,dleongonzalez@schools.nyc.gov
EBC High School for Public Service-Bushwick,K,Spanish,Bushwick,K913,"1155 Dekalb Avenue, Brooklyn NY 11221(40.694723, -73.929315)",718-452-3440,32k545@schools.nyc.gov
The High School For Language and Diplomacy,M,"Mandarin, Spanish",Gramercy,M460,"40 Irving Place, Manhattan NY 10003(40.735361, -73.987064)",212-253-2480,JCornell3@schools.nyc.gov
Collegiate Institute for Math and Science (CIMS),X,Spanish,Bronxdale,X415,"925 Astor Avenue, Bronx NY 10469(40.860443, -73.860729)",718-944-3635,fnelson2@schools.nyc.gov
Bronx Envision Academy,X,"Mandarin, Spanish",Crotona Park East,X098,"1619 Boston Road, Bronx NY 10460(40.836245, -73.890591)",718-589-1590,info@bronxenvision.org
Bard High School Early College,M,"German, Greek, Latin, Mandarin, Spanish",Lower East Side,M097,"525 East Houston Street, Manhattan NY 10002(40.718276, -73.976093)",212-995-8479,apply@bhsec.bard.edu
William E. Grady Career and Technical Education High School,K,Spanish,Brighton Beach,K620,"25 Brighton 4th Road, Brooklyn NY 11235(40.583263, -73.963764)",718-332-5000,tmontalbano@schools.nyc.gov
Harvest Collegiate High School,M,"French, Spanish",West Village,M883,"34 West 14th Street, Manhattan NY 10011(40.736416, -73.995731)",212-242-3384,info@harvestcollegiate.org
The School for Human Rights,K,"French, Spanish",Prospect Lefferts Gardens,K470,"600 Kingston Avenue, Brooklyn NY 11203(40.658671, -73.943839)",718-771-4793,malexan@schools.nyc.gov
Humanities Preparatory Academy,M,"Arabic, French",Chelsea-Union Sq,M440,"351 West 18th Street, Manhattan NY 10011(40.743407, -74.00254)",212-929-4433,Hilda@humanitiesprep.org
Origins High School,K,"Italian, Mandarin, Russian",Sheepshead Bay,K495,"3000 Avenue X, Brooklyn NY 11235(40.593157, -73.936635)",718-891-0037,origins@originshighschool.org
Manhattan Business Academy,M,"French, Spanish",Chelsea-Union Sq,M440,"351 West 18th Street, Manhattan NY 10011(40.743407, -74.00254)",212-647-1983,kpolson@manhattanbusinessacademy.org
Bronx Theatre High School,X,Spanish,Spuyten Duyvil-Kingsbridge,X475,"99 Terrace View Avenue, Bronx NY 10463(40.877379, -73.912686)",718-329-2902,DAlbett@schools.nyc.gov
Special Music School,M,Spanish,Lincoln Square,M932,"122 Amsterdam Avenue, Manhattan NY 10023(40.775256, -73.982976)",212-501-3318,admissions@specialmusicschool.org
Brooklyn Theatre Arts High School,K,French,Canarsie,K515,"6565 Flatlands Avenue, Brooklyn NY 11236(40.634451, -73.916927)",718-968-1072,mmcdaniel@bktheatrearts.org
The Cinema School,X,French,West Farms-Bronx River,X423,"1551 East 172nd Street, Bronx NY 10472(40.832508, -73.878191)",718-620-2560,lgutierrez@tcs-nyc.org
Bedford Academy High School,K,"French, Mandarin, Spanish",Bedford-Stuyvesant,K994,"1119 Bedford Avenue, Brooklyn NY 11216(40.685486, -73.953692)",718-398-3061,ptate@schools.nyc.gov
Millennium High School,M,"Mandarin, Spanish",Lower Manhattan,M824,"75 Broad Street, Manhattan NY 10004(40.704697, -74.011202)",212-825-9008,admissions@millenniumhs.org
West Bronx Academy for the Future,X,"French, Spanish",Belmont,X435,"500 East Fordham Road, Bronx NY 10458(40.859466, -73.888625)",718-563-7139,info@bronxacademy.org
Renaissance High School for Musical Theater and the Arts,X,Spanish,Schuylerville-Throgs Neck,X405,"3000 East Tremont Avenue, Bronx NY 10461(40.839775, -73.839583)",718-430-6390,mherrer2@schools.nyc.gov
Bronx Latin,X,"French, Spanish",Longwood,X158,"800 Home Street, Bronx NY 10456(40.826933, -73.900593)",718-991-6349,anelson@bronxlatin.com
Frederick Douglass Academy II Secondary School,M,Spanish,Central Harlem South,M088,"215 West 114th Street, Manhattan NY 10026(40.80261, -73.954152)",212-865-9260,enroll@fda2.org
Manhattan Center for Science and Mathematics,M,"French, Spanish",East Harlem North,M435,"260 Pleasant Avenue, Manhattan NY 10029(40.794184, -73.932868)",212-876-4639,Rtorres2@schools.nyc.gov
Clara Barton High School,K,"American Sign Language, French, Haitian Creole, Spanish",Crown Heights South,K600,"901 Classon Avenue, Brooklyn NY 11225(40.669805, -73.960689)",718-636-4900,RForman@schools.nyc.gov
Academy for Scholarship and Entrepreneurship: A College Board School,X,Spanish,Williamsbridge-Olinville,X362,"921 East 228th Street, Bronx NY 10466(40.888242, -73.852714)",718-696-3840,zwhite2@schools.nyc.gov
It Takes a Village Academy,K,"French, Spanish",East Flatbush,K415,"5800 Tilden Avenue, Brooklyn NY 11203(40.647728, -73.922212)",718-629-2307,sgirard2@schools.nyc.gov
Urban Assembly School for the Performing Arts,M,Spanish,Manhattanville,M043,"509 West 129th Street, Manhattan NY 10027(40.815747, -73.95552)",212-543-4460,mmcmahon3@schools.nyc.gov
Beacon High School,M,"French, Spanish",Clinton,M912,"522 West 44th Street, New York NY 10036(40.760858, -73.996262)",212-465-4230,admissions@beaconschool.org
The Urban Assembly School for Media Studies,M,Spanish,Lincoln Square,M490,"122 Amsterdam Avenue, Manhattan NY 10023(40.774891, -73.985608)",212-501-1110,ddejesus6@schools.nyc.gov
York Early College Academy,Q,Spanish,South Jamaica,Q008,"108-35 167th Street, Jamaica NY 11433(40.69691, -73.786403)",718-262-8547,28Q284@schools.nyc.gov
Bronx Academy for Software Engineering (BASE),X,Spanish,Belmont,X660,"2474 Crotona Avenue, Bronx NY 10458(40.855392, -73.882487)",718-733-6024,info@bronxsoftware.org
"Queens School of Inquiry, The",Q,"French, Japanese, Latin, Russian, Spanish",Kew Gardens Hills,Q168,"158-40 76th Road, Fresh Meadows NY 11366(40.724195, -73.80938)",718-380-6929,Minbal@schools.nyc.gov
Queens High School for Language Studies,Q,Mandarin,Flushing,Q460,"35-01 Union Street, Flushing NY 11354(40.764892, -73.826811)",718-888-7530,info@qhsls.org
Professional Performing Arts High School (PPAS),M,Spanish,Clinton,M017,"328 West 48th Street, Manhattan NY 10036(40.761327, -73.988665)",212-247-8652,admissions@ppasshare.org
High School for Community Leadership,Q,"French, Spanish",Briarwood-Jamaica Hills,Q470,"167-01 Gothic Drive, Jamaica NY 11432(40.714551, -73.798658)",718-558-9801,Cborrero@schools.nyc.gov
George Westinghouse Career and Technical Education High School,K,Spanish,DUMBO-Downtown Brooklyn,K580,"105 Tech Place, Brooklyn NY 11201(40.695444, -73.986105)",718-625-6130,JArzuaga@schools.nyc.gov
High School of Computers and Technology,X,"Japanese, Spanish",Williamsbridge-Olinville,X425,"800 East Gun Hill Road, Bronx NY 10467(40.875172, -73.861649)",718-696-3930,HFrancis@schools.nyc.gov
Long Island City High School,Q,"French, Greek, Italian, Mandarin, Spanish",Astoria,Q452,"14-30 Broadway, Astoria NY 11106(40.765881, -73.933907)",718-545-7095,licinfo@schools.nyc.gov
Pace High School,M,Spanish,Chinatown,M131,"100 Hester Street, Manhattan NY 10002(40.716231, -73.993607)",212-334-4663,eglatz@schools.nyc.gov
The Urban Assembly School for Collaborative Healthcare,K,Spanish,Cypress Hills,K420,"999 Jamaica Avenue, Brooklyn NY 11208(40.693002, -73.869305)",718-277-1572,elovean.loveday@uasch.org
Richard R. Green High School of Teaching,M,Spanish,Lower Manhattan,M282,"7 Beaver Street, Manhattan NY 10004(40.705688, -74.013303)",646-826-8174,edarios@schools.nyc.gov
Pan American International High School at Monroe,X,Spanish,West Farms-Bronx River,X420,"1300 Boynton Avenue, Bronx NY 10472(40.832508, -73.878191)",718-991-7238,bbye@schools.nyc.gov
Gotham Collaborative High School,X,Spanish,Castle Hill-Clason Point,X450,"1980 Lafayette Avenue, Bronx NY 10473(40.821218, -73.85593)",718-597-1587,admissions@gchs.nyc
"New Explorations into Science, Technology and Math High School (NEST+m)",M,"French, Latin, Mandarin, Spanish",Lower East Side,M022,"111 Columbia Street, Manhattan NY 10002(40.719416, -73.979581)",212-677-5190,sglickman6@schools.nyc.gov
Manhattan Academy for Arts & Language,M,Spanish,Murray Hill-Kips Bay,M620,"111 East 33rd Street, Manhattan NY 10016(40.74651, -73.98107)",212-576-0502,sbolets@schools.nyc.gov
High School for Law Enforcement and Public Safety,Q,Spanish,Baisley Park,Q690,"116-25 Guy R Brewer Boulevard, Jamaica NY 11434(40.685838, -73.783438)",718-977-4800,Hsleaps2014@gmail.com
Metropolitan Diploma Plus High School,K,Spanish,Brownsville,K275,"985 Rockaway Avenue, Brooklyn NY 11212(40.655644, -73.906662)",718-342-6249,myallowitz@schools.nyc.gov
NYC iSchool,M,Spanish,SoHo-Tribeca,M615,"131 Avenue Of The Americas, Manhattan NY 10013(40.72463, -74.005058)",917-237-7300,admissions@mail.nycischool.org
Young Women's Leadership School of the Bronx (TYWLS),X,Spanish,Mount Hope,X117,"1865 Morris Avenue, Bronx NY 10453(40.848552, -73.909022)",718-731-2590,info@tywlsbronx.org
Pathways in Technology Early College High School (P-TECH),K,Spanish,Crown Heights North,K625,"150 Albany Avenue, Brooklyn NY 11213(40.675905, -73.939282)",718-221-1593,ptechnyc@schools.nyc.gov
Midwood High School,K,"French, Spanish",Flatbush,K405,"2839 Bedford Avenue, Brooklyn NY 11210(40.632829, -73.952356)",718-724-8500,FBren@schools.nyc.gov
Crotona International High School,X,Spanish,Belmont,X660,"2474 Crotona Avenue, Bronx NY 10458(40.855392, -73.882487)",718-561-8701,crotona.ihs@gmail.com
Pelham Lab High School,X,Spanish,Schuylerville-Throgs Neck,X405,"3000 East Tremont Avenue, Bronx NY 10461(40.839775, -73.839583)",718-904-5090,pelhamlabschool@gmail.com
The Laboratory School of Finance and Technology,X,Spanish,Mott Haven-Port Morris,X149,"360 East 145th Street, Bronx NY 10454(40.813612, -73.920851)",718-585-8202,info@ms223.org
N.Y.C. Museum School,M,"French, Japanese, Spanish",Chelsea-Union Sq,M070,"333 West 17th Street, Manhattan NY 10011(40.742512, -74.002222)",212-675-6206,02M414@schools.nyc.gov
Eagle Academy for Young Men III,Q,Spanish,St. Albans,Q633,"171-10 Linden Boulevard, Jamaica NY 11434(40.69172, -73.778924)",718-480-2600,eagleacademy3@gmail.com
Aviation Career & Technical Education High School,Q,Spanish,Hunters Point-Sunnyside,Q610,"45-30 36th Street, Long Island City NY 11101(40.743309, -73.929577)",718-361-2032,24Q610@schools.nyc.gov
Unity Center for Urban Technologies,M,Spanish,Murray Hill-Kips Bay,M620,"111 East 33rd Street, Manhattan NY 10016(40.74651, -73.98107)",212-576-0530,fdelarosa@schools.nyc.gov
Academy of Innovative Technology,K,"French, Spanish",Cypress Hills,K420,"999 Jamaica Avenue, Brooklyn NY 11208(40.693002, -73.869305)",718-827-2469,info@aoiths.org
Landmark High School,M,"American Sign Language, Italian",Chelsea-Union Sq,M440,"351 West 18th Street, Manhattan NY 10011(40.743407, -74.00254)",212-647-7410,CPinkus@landmarkhs.org
Urban Assembly School for Criminal Justice,K,Spanish,Borough Park,K223,"4200 16th Avenue, Brooklyn NY 11204(40.6351, -73.982424)",718-438-3893,cbonet@uascriminaljustice.org
Benjamin Banneker Academy,K,Spanish,Clinton Hill,K914,"71-77 Clinton Avenue, Brooklyn NY 11205(40.695389, -73.968759)",718-797-3702,KKwateng@schools.nyc.gov
Eagle Academy for Young Men,X,Spanish,Claremont-Bathgate,X465,"4143 Third Avenue, Bronx NY 10457(40.845366, -73.897479)",718-466-8000,admissions@eaglebronx.org
Hillside Arts & Letters Academy,Q,Spanish,Briarwood-Jamaica Hills,Q470,"167-01 Gothic Drive, Jamaica NY 11432(40.714551, -73.798658)",718-658-1249,Rnolasco@schools.nyc.gov
Fordham Leadership Academy,X,"American Sign Language, Japanese, Spanish",Belmont,X435,"500 East Fordham Road, Bronx NY 10458(40.859466, -73.888625)",718-733-5024,aguzman@schools.nyc.gov
Bronx Lab School,X,Spanish,Williamsbridge-Olinville,X425,"800 East Gun Hill Road, Bronx NY 10467(40.875172, -73.861649)",718-696-3700,sarah.marcy@bronxlabschool.org
Cypress Hills Collegiate Preparatory School,K,Spanish,Cypress Hills,K420,"999 Jamaica Avenue, Brooklyn NY 11208(40.693002, -73.869305)",718-647-1672,jbierd@schools.nyc.gov
Park Slope Collegiate,K,Spanish,Park Slope-Gowanus,K460,"237 7th Avenue, Brooklyn NY 11215(40.669255, -73.97858)",718-832-4300,jbloomb@schools.nyc.gov
"Young Women's Leadership School, Queens (TYWLS)",Q,"French, Spanish",Briarwood-Jamaica Hills,Q680,"150-91 87th Road, Jamaica NY 11432(40.708409, -73.804166)",718-725-0402,VBurdier@twylsqueens.org
Brooklyn Preparatory High School,K,Spanish,Williamsburg,K650,"257 North 6th Street, Brooklyn NY 11211(40.715561, -73.954815)",718-486-2550,recruitment@brooklynprephs.org
Williamsburg High School for Architecture and Design,K,Spanish,Williamsburg,K650,"257 North 6th Street, Brooklyn NY 11211(40.715561, -73.954815)",718-388-1260,chu@whsad.org
School for Tourism and Hospitality,X,"American Sign Language, French, Spanish",Morrisania-Melrose,X650,"900 Tinton Avenue, Bronx NY 10456(40.821723, -73.902892)",718-401-4214,agrafals2@schools.nyc.gov
High School for Youth and Community Development at Erasmus,K,Spanish,Flatbush,K465,"911 Flatbush Avenue, Brooklyn NY 11226(40.649602, -73.957173)",718-564-2470,jsinovoi@ycdhs.org
Benjamin N. Cardozo High School,Q,"French, Korean, Mandarin, Spanish",Bayside-Oakland Gardens,Q415,"57-00 223rd Street, Bayside NY 11364(40.752343, -73.757271)",718-279-6500,Mcolby@schools.nyc.gov
East New York Family Academy,K,"French, Spanish",East New York,K819,"2057 Linden Boulevard, Brooklyn NY 11207(40.661104, -73.886664)",718-927-0012,ayard3@schools.nyc.gov
Young Women's Leadership School (TYWLS),M,Spanish,East Harlem South,M895,"105 East 106th Street, New York NY 10029(40.792932, -73.947171)",212-289-7593,admissions@tywls.org
Theater Arts Production Company School (TAPCo),X,French,Mount Hope,X137,"2225 Webster Avenue, Bronx NY 10457(40.854257, -73.897404)",718-584-0832,rlink2@schools.nyc.gov
Fannie Lou Hamer Freedom High School,X,Spanish,Crotona Park East,X878,"1021 Jennings Street, Bronx NY 10460(40.831212, -73.885804)",718-861-0521,admissions@flhfhs.org
Academy of Finance and Enterprise,Q,Spanish,Hunters Point-Sunnyside,Q735,"30-20 Thomson Avenue, Long Island City NY 11101(40.744175, -73.937004)",718-389-3623,varmano@schools.nyc.gov
The Urban Assembly School for Law and Justice,K,Spanish,DUMBO-Downtown Brooklyn,K313,"283 Adams Street, Brooklyn NY 11201(40.694629, -73.988323)",718-858-1160,tgoodger@sljhs.org OR dmoldovan@sljhs.org
Humanities & Arts Magnet High School,Q,"French, Spanish",Cambria Heights,Q490,"207- 01 116th Avenue, Cambria Heights NY 11411(40.698786, -73.74633)",718-978-2135,KAyetiwa@schools.nyc.gov
Bronx High School for Medical Science,X,Spanish,E. Concourse-Concourse Village,X410,"240 East 172nd Street, Bronx NY 10457(40.839307, -73.911366)",718-410-4040,hsms@hsmedicalscience.org
The Urban Assembly School for Green Careers,M,Spanish,Upper West Side,M470,"145 West 84th Street, Manhattan NY 10024(40.786134, -73.974483)",212-787-1189,info@uagreencareers.org
John Adams High School,Q,"Bengali, French, Hindi, Spanish",South Ozone Park,Q480,"101-01 Rockaway Boulevard, Ozone Park NY 11417(40.680065, -73.838616)",718-322-0500,MPanindranauth@schools.nyc.gov
High School of Economics and Finance,M,Spanish,Lower Manhattan,M833,"100 Trinity Place, Manhattan NY 10006(40.70927, -74.012328)",212-346-0708,cbitar@schools.nyc.gov
The Urban Assembly School of Design and Construction,M,Spanish,Clinton,M535,"525 West 50th Street, Manhattan NY 10019(40.765474, -73.9927)",212-586-0981,Matt.Willoughby@uasdc.org
Energy Tech High School,Q,Spanish,Queensbridge-LIC,Q204,"36-41 28th Street, Astoria NY 11106(40.756471, -73.932628)",718-472-0536,energytech@energytechhs.org
High School of Language and Innovation,X,"Korean, Spanish",Bronxdale,X415,"925 Astor Avenue, Bronx NY 10469(40.860443, -73.860729)",718-944-3625,info@languageandinnovation.org
South Bronx Preparatory: A College Board School,X,Spanish,Mott Haven-Port Morris,X149,"360 East 145th Street, Bronx NY 10454(40.813612, -73.920851)",718-292-2211,EFlanag2@schools.nyc.gov
Brooklyn College Academy,K,Spanish,Windsor Terrace,K917,"350 Coney Island Avenue, Brooklyn NY 11218(40.649055, -73.972312)",718-853-6184,slajara@schools.nyc.gov
Rachel Carson High School for Coastal Studies,K,Spanish,West Brighton,K303,"521 West Avenue, Brooklyn NY 11224(40.582518, -73.972009)",718-265-0329,ewilens@schools.nyc.gov
"Heritage School, The",M,Spanish,East Harlem South,M107,"1680 Lexington Avenue, Manhattan NY 10029(40.791966, -73.946879)",212-828-2858,ARodriguez21@schools.nyc.gov
The High School of Fashion Industries,M,Spanish,Chelsea-Union Sq,M600,"225 West 24th Street, Manhattan NY 10011(40.745677, -73.996354)",212-255-1235,dsilva3@schools.nyc.gov
International High School at LaGuardia Community College,Q,"Arabic, Bengali, French, Korean, Mandarin, Polish, Portuguese, Russian, Spanish, Urdu",Hunters Point-Sunnyside,Q520,"45-35 Van Dam Street, Long Island City NY 11101(40.743253, -73.933316)",718-392-3433,jvalane@ihsnyc.org
Talent Unlimited High School,M,Spanish,Lenox Hill,M480,"317 East 67th Street, Manhattan NY 10065(40.765638, -73.959777)",212-737-1530,admissions@tuhs.nyc
Urban Assembly Gateway School for Technology,M,Spanish,Clinton,M625,"439 West 49th Street, Manhattan NY 10019(40.763655, -73.990318)",212-246-1041,admissions@uagateway.org
Riverdale / Kingsbridge Academy (Middle School / High School 141) (RKA),X,"French, Spanish",Fieldston-Riverdale,X141,"660 West 237th Street, Bronx NY 10463(40.887407, -73.914141)",718-796-8516,jprince4@schools.nyc.gov
High School for Environmental Studies,M,"French, Italian, Mandarin, Spanish",Clinton,M834,"444 West 56th Street, Manhattan NY 10019(40.767848, -73.98861)",212-262-8113,ANajmi@schools.nyc.gov
Schuylerville Preparatory High School,X,Spanish,Schuylerville-Throgs Neck,X405,"3000 East Tremont Avenue, Bronx NY 10461(40.839775, -73.839583)",718-904-5080,mramos@schuylervilleprephs.org
CSI High School for International Studies,R,"Japanese, Mandarin, Spanish",Todt Hill-Heartland Village,R043,"100 Essex Drive, Staten Island NY 10314(40.581958, -74.159343)",718-370-6900,31r047@schools.nyc.gov
Lyons Community School,K,Spanish,East Williamsburg,K049,"223 Graham Avenue, Brooklyn NY 11206(40.709765, -73.944463)",718-782-0918,lyons@lyonscommunityschool.org
Brooklyn Technical High School,K,"French, Italian, Mandarin, Spanish",Fort Greene,K430,"29 Ft Greene Place, Brooklyn NY 11217(40.688896, -73.976435)",718-804-6400,info@bths.edu
Morris Academy for Collaborative Studies,X,"French, Spanish",Morrisania-Melrose,X400,"1110 Boston Road, Bronx NY 10456(40.827455, -73.90392)",718-617-5312,info@macsx297.org
Brooklyn Institute for Liberal Arts (BILA),K,Spanish,Prospect Lefferts Gardens,K470,"600 Kingston Avenue, Brooklyn NY 11203(40.658671, -73.943839)",718-221-1097,ahenrystephens@schools.nyc.gov
Grover Cleveland High School,Q,"Italian, Spanish",Ridgewood,Q485,"21-27 Himrod Street, Ridgewood NY 11385(40.711881, -73.909202)",718-381-9600,24Q485@schools.nyc.gov
Franklin Delano Roosevelt High School,K,"Mandarin, Spanish",Borough Park,K505,"5800 20th Avenue, Brooklyn NY 11204(40.621299, -73.982583)",718-621-8800,MKatz10@schools.nyc.gov
Queens Preparatory Academy,Q,Spanish,Springfield Gardens North,Q420,"143-10 Springfield Boulevard, Springfield Gardens NY 11413(40.66903, -73.757744)",718-712-2304,thaywoo2@queensprepacademy.org
The Urban Assembly Bronx Academy of Letters,X,"Arabic, Spanish",Mott Haven-Port Morris,X183,"339 Morris Avenue, Bronx NY 10451(40.813681, -73.925995)",718-401-4891,Cardet.Hernandez@BXLetters.org
Automotive High School,K,"Italian, Spanish",Williamsburg,K610,"50 Bedford Avenue, Brooklyn NY 11222(40.721448, -73.953328)",718-218-9301,afemi@automotivehs.org
Herbert H. Lehman High School,X,"Italian, Spanish",Schuylerville-Throgs Neck,X405,"3000 East Tremont Avenue, Bronx NY 10461(40.839775, -73.839583)",718-904-4200,Admissions@LehmanHS.com
Spring Creek Community School,K,French,Bergen Beach,K422,"1065 Elton Street, Brooklyn NY 11208(40.657266, -73.874064)",718-688-7200,CKoza@schools.nyc.gov
Academy of American Studies,Q,"French, Spanish",Queensbridge-LIC,Q451,"28-04 41st Avenue, Long Island City NY 11101(40.751144, -73.937564)",718-361-8786,academyinfo@schools.nyc.gov
Academy of Medical Technology: A College Board School,Q,Spanish,Far Rockaway-Bayswater,Q465,"8-21 Bay 25th Street, Far Rockaway NY 11691(40.601537, -73.763995)",718-471-3571,KPerez11@schools.nyc.gov
DeWitt Clinton High School,X,Spanish,Van Cortlandt Village,X440,"100 West Mosholu Parkway South, Bronx NY 10468(40.879958, -73.889011)",718-543-1000,dwc@dwchs.net
Epic High School - North,Q,Spanish,Richmond Hill,Q636,"94-25 117th Street, South Richmond Hill NY 11419(40.693013, -73.829409)",718-570-8230,info@epicschoolsnyc.org
East Side Community School,M,Spanish,East Village,M060,"420 East 12th Street, Manhattan NY 10009(40.729152, -73.982472)",212-460-8467,hsadmissions@eschs.org
Urban Assembly Institute of Math and Science for Young Women,K,Spanish,DUMBO-Downtown Brooklyn,K313,"283 Adams Street, Brooklyn NY 11201(40.694629, -73.988323)",718-260-2300,jenc@uainstitute.org
The Urban Assembly School of Business for Young Women,M,Spanish,Lower Manhattan,M282,"26 Broadway, Manhattan NY 10004(40.705688, -74.013303)",212-668-0169,pminaya@uasbyw.org
"Celia Cruz Bronx High School of Music, The",X,Spanish,Van Cortlandt Village,X430,"2780 Reservoir Avenue, Bronx NY 10468(40.869061, -73.897066)",718-329-8550,dfink2@schools.nyc.gov
Pan American International High School,Q,Spanish,Elmhurst,Q744,"45-10 94th Street, Elmhurst NY 11373(40.743228, -73.871505)",718-271-3602,ggonzalez3@panamericanihs.org
High School of Hospitality Management,M,Italian,Clinton,M535,"525 West 50th Street, Manhattan NY 10019(40.765474, -73.9927)",212-586-0963,DWilliams11@schools.nyc.gov
Frederick Douglass Academy III Secondary School,X,"French, Spanish",Claremont-Bathgate,X148,"3630 Third Avenue, Bronx NY 10456(40.833493, -73.903951)",718-538-9726,jcarlos@schools.nyc.gov
High School of Arts and Technology,M,Spanish,Lincoln Square,M490,"122 Amsterdam Avenue, Manhattan NY 10023(40.774891, -73.985608)",212-501-1198,admissions@hsartstech.org
Newcomers High School,Q,"Mandarin, Spanish",Queensbridge-LIC,Q450,"28-01 41st Avenue, Long Island City NY 11101(40.751838, -73.936592)",718-937-6005,30Q555@schools.nyc.gov
Bronx High School for the Visual Arts,X,Spanish,Pelham Parkway,X839,"2040 Antin Place, Bronx NY 10462(40.851577, -73.864438)",718-319-5160,iwither@schools.nyc.gov
Preparatory Academy for Writers: A College Board School,Q,Spanish,Springfield Gardens North,Q420,"143-10 Springfield Boulevard, Springfield Gardens NY 11413(40.66903, -73.757744)",718-949-8405,MSingh8@schools.nyc.gov
Brooklyn Community Arts & Media High School (BCAM),K,"Mandarin, Spanish",Clinton Hill,K117,"300 Willoughby Avenue, Brooklyn NY 11205(40.692015, -73.95818)",718-230-5748,bcaminfo@bcamhs.org
All City Leadership Secondary School,K,"French, Spanish",Bushwick,K554,"321 Palmetto Street, Brooklyn NY 11237(40.697378, -73.913172)",718-246-6500,EEsteve@schools.nyc.gov
Health Opportunities High School,X,"Japanese, Russian, Spanish",West Concourse,X884,"350 Gerard Avenue, Bronx NY 10451(40.815712, -73.92996)",718-401-1826,jmchedlishvili@schools.nyc.gov
Gramercy Arts High School,M,Italian,Gramercy,M460,"40 Irving Place, Manhattan NY 10003(40.735361, -73.987064)",212-253-7076,sdicicco@schools.nyc.gov
Brooklyn High School of the Arts,K,"French, Japanese, Mandarin, Other Language, Spanish",DUMBO-Downtown Brooklyn,K655,"345 Dean Street, Brooklyn NY 11217(40.683951, -73.980266)",718-855-2412,frank.proudfoot@brooklynartshs.nyc
High School for Arts and Business,Q,"French, Italian, Spanish",Corona,Q456,"105-25 Horace Harding Expressway N, Corona NY 11368(40.737673, -73.853412)",718-271-8383,azambra@schools.nyc.gov
Teachers Preparatory High School,K,Spanish,Brownsville,K175,"226 Bristol Street, Brooklyn NY 11212(40.665568, -73.912102)",718-498-2605,CSimon6@schools.nyc.gov
"City Polytechnic High School of Engineering, Architecture, and Technology",K,Spanish,DUMBO-Downtown Brooklyn,K580,"105 Tech Place, Brooklyn NY 11201(40.695444, -73.986105)",718-875-1473,info@citypolyhs.org
Murray Hill Academy,M,Spanish,Murray Hill-Kips Bay,M620,"111 East 33rd Street, Manhattan NY 10016(40.74651, -73.98107)",212-696-0195,Amannin3@schools.nyc.gov
Manhattan Bridges High School,M,Spanish,Clinton,M535,"525 West 50th Street, Manhattan NY 10019(40.765474, -73.9927)",212-757-5274,MSMedina@ManhattanBridgesHS.org
Food and Finance High School,M,French,Clinton,M535,"525 West 50th Street, Manhattan NY 10019(40.765474, -73.9927)",212-586-2943,cmercado4@schools.nyc.gov
Urban Action Academy,K,Spanish,Canarsie,K500,"1600 Rockaway Parkway, Brooklyn NY 11236(40.640543, -73.898601)",718-290-8720,sdorcel@schools.nyc.gov
"High School for Law, Advocacy and Community Justice",M,Spanish,Lincoln Square,M490,"122 Amsterdam Avenue, Manhattan NY 10023(40.774891, -73.985608)",212-501-1201,lfernandez8@schools.nyc.gov
Antonia Pantoja Preparatory Academy: A College Board School,X,Spanish,Castle Hill-Clason Point,X450,"1980 Lafayette Avenue, Bronx NY 10473(40.821218, -73.85593)",718-824-3152,nsingh4@schools.nyc.gov
Stephen T. Mather Building Arts & Craftsmanship High School,M,Spanish,Clinton,M625,"439 West 49th Street, Manhattan NY 10019(40.763655, -73.990318)",212-399-3520,MrRogers@MatherHSNYC.org
DreamYard Preparatory School,X,Spanish,E. Concourse-Concourse Village,X410,"240 East 172nd Street, Bronx NY 10457(40.839307, -73.911366)",718-410-4242,dypreprecruitment@dreamyard.com
Queens Technical High School,Q,Spanish,Hunters Point-Sunnyside,Q600,"37-02 47th Avenue, Long Island City NY 11101(40.741658, -73.927995)",718-937-3010,info@queenstechhs.org
New Design High School,M,Spanish,Chinatown,M445,"350 Grand Street, Manhattan NY 10002(40.717329, -73.989329)",212-475-4148,info@newdesignhigh.com
Kurt Hahn Expeditionary Learning School,K,Spanish,East Flatbush,K415,"5800 Tilden Avenue, Brooklyn NY 11203(40.647728, -73.922212)",718-629-1204,ewaterman@kurthahnschool.org
Stuyvesant High School,M,"French, German, Italian, Japanese, Latin, Mandarin, Spanish",Lower Manhattan,M477,"345 Chambers Street, Manhattan NY 10282(40.718025, -74.013921)",212-312-4800,02M475@schools.nyc.gov
Tottenville High School,R,"Italian, Latin, Spanish",Annadale-Huguenot-Princes Bay,R455,"100 Luten Avenue, Staten Island NY 10312(40.528152, -74.193431)",718-668-8800,31R455@schools.nyc.gov
Longwood Preparatory Academy,X,Spanish,Longwood,X039,"965 Longwood Avenue, Bronx NY 10459(40.817741, -73.897876)",718-860-1242,08x530@schools.nyc.gov
High School for Contemporary Arts,X,"French, Spanish",Williamsbridge-Olinville,X425,"800 East Gun Hill Road, Bronx NY 10467(40.875172, -73.861649)",718-944-5610,PCubero@schools.nyc.gov
Bronx School of Law and Finance,X,"Latin, Spanish",Spuyten Duyvil-Kingsbridge,X475,"99 Terrace View Avenue, Bronx NY 10463(40.877379, -73.912686)",718-561-0113,aburgos@bxslf.org
Lower Manhattan Arts Academy,M,Spanish,Chinatown,M445,"350 Grand Street, Manhattan NY 10002(40.717329, -73.989329)",212-505-0143,LCordero@schools.nyc.gov
ACORN Community High School,K,"French, Spanish",Crown Heights North,K909,"561 Grand Avenue, Brooklyn NY 11238(40.678591, -73.961636)",718-789-2258,13K499@schools.nyc.gov
Astor Collegiate Academy,X,Spanish,Bronxdale,X415,"925 Astor Avenue, Bronx NY 10469(40.860443, -73.860729)",718-944-3418,LCook3@schools.nyc.gov
Epic High School - South,Q,Spanish,South Ozone Park,Q226,"121-10 Rockaway Boulevard, South Ozone Park NY 11420(40.675021, -73.81673)",718-845-1290,infoepicsouth@epicschoolsnyc.org
Bronx Career and College Preparatory High School,X,Spanish,Longwood,X158,"800 Home Street, Bronx NY 10456(40.826933, -73.900593)",718-542-4011,info@bccprep.com
Martin Van Buren High School,Q,"American Sign Language, French, Spanish",Bellerose,Q435,"230-17 Hillside Avenue, Queens Village NY 11427(40.733888, -73.739726)",718-776-4728,ssochet@schools.nyc.gov
The Clinton School,M,Spanish,Chelsea-Union Sq,M868,"10 East 15th Street, Manhattan NY 10003(40.736526, -73.992727)",212-524-4360,jillbennett@theclintonschool.net
Vanguard High School,M,"French, Spanish",Lenox Hill,M480,"317 East 67th Street, Manhattan NY 10065(40.765638, -73.959777)",212-517-5175,admissions@vhsnyc.org
East Bronx Academy for the Future,X,Spanish,Crotona Park East,X973,"1716 Southern Boulevard, Bronx NY 10460(40.836821, -73.887688)",718-861-8641,information@eastbronxacademy.org
Excelsior Preparatory High School,Q,Spanish,Springfield Gardens North,Q420,"143-10 Springfield Boulevard, Springfield Gardens NY 11413(40.66903, -73.757744)",718-525-6507,llucas2@schools.nyc.gov
Bronx Leadership Academy High School,X,Spanish,Claremont-Bathgate,X876,"1710 Webster Avenue, Bronx NY 10457(40.84325, -73.902969)",718-299-4274,iyip@schools.nyc.gov
Belmont Preparatory High School,X,Spanish,Belmont,X435,"500 East Fordham Road, Bronx NY 10458(40.859466, -73.888625)",718-733-4559,info@belmontprephs.org
Mott Hall V,X,"French, Spanish",West Farms-Bronx River,X423,"1551 East 172nd Street, Bronx NY 10472(40.832508, -73.878191)",718-620-8160,HS_admissions@motthallv.org
"The High School for Enterprise, Business and Technology",K,"American Sign Language, Spanish",Bushwick,K450,"850 Grand Street, Brooklyn NY 11211(40.711134, -73.938921)",718-387-2800,14K478@schools.nyc.gov
Queens Metropolitan High School,Q,"French, Italian, Spanish",Forest Hills,Q686,"91-30 Metropolitan Avenue, Forest Hills NY 11375(40.708431, -73.855543)",718-286-3600,Kramazan@queensmetro.org
Community Health Academy of the Heights,M,Spanish,Washington Heights S.,M814,"504 West 158th Street, Manhattan NY 10032(40.833695, -73.942074)",212-342-6600,mhouse@schools.nyc.gov
Channel View School for Research,Q,Spanish,Breezy Point-Rockaway Park,Q410,"100-00 Beach Channel Drive, Rockaway Park NY 11694(40.586012, -73.825317)",718-634-1970,Dharper22@schools.nyc.gov
High School for Teaching and the Professions,X,Spanish,Van Cortlandt Village,X430,"2780 Reservoir Avenue, Bronx NY 10468(40.869061, -73.897066)",718-329-7380,nrodriguez@hsforteaching.org
Cultural Academy for the Arts and Sciences,K,Spanish,East Flatbush,K415,"5800 Tilden Avenue, Brooklyn NY 11203(40.647728, -73.922212)",718-968-6630,salexis@schools.nyc.gov
Inwood Early College for Health and Information Technologies,M,Spanish,Inwood,M052,"650 Academy Street, Manhattan NY 10034(40.865556, -73.925464)",212-567-1394,inwoodearlycollege@gmail.com
Medgar Evers College Preparatory School,K,"French, Mandarin, Spanish",Crown Heights South,K590,"1186 Carroll Street, Brooklyn NY 11225(40.66679, -73.951823)",718-703-5400,MWiltsh@schools.nyc.gov
El Puente Academy for Peace and Justice,K,Spanish,Williamsburg,K778,"250 Hooper Street, Brooklyn NY 11211(40.70554, -73.955741)",718-387-1125,Wvazque3@schools.nyc.gov
"Bronx High School of Science, The",X,"French, Italian, Japanese, Latin, Mandarin, Spanish",Van Cortlandt Village,X445,"75 Bronx Science Boulevard, Bronx NY 10468(40.879958, -73.889011)",718-817-7700,golanc@bxscience.edu
Mott Hall Bronx High School,X,French,Claremont-Bathgate,X970,"1595 Bathgate Avenue, Bronx NY 10457(40.839508, -73.901774)",718-466-6800,info@mhbx.org
High School of Telecommunication Arts and Technology,K,Spanish,Bay Ridge,K485,"350 67th Street, Brooklyn NY 11220(40.636721, -74.023419)",718-759-3400,xshepard@schools.nyc.gov
"Brooklyn School for Math and Research (B-SMARt), The",K,Mandarin,Bushwick,K480,"400 Irving Avenue, Brooklyn NY 11237(40.696457, -73.911751)",718-381-7100,DTorres28@schools.nyc.gov
Chelsea Career and Technical Education High School,M,Spanish,SoHo-Tribeca,M615,"131 Avenue Of The Americas, Manhattan NY 10013(40.72463, -74.005058)",212-925-1080,KMaxwell@chelseahs.org
Bronx High School of Business,X,Spanish,E. Concourse-Concourse Village,X410,"240 East 172nd Street, Bronx NY 10457(40.839307, -73.911366)",718-410-4060,abajana@schools.nyc.gov
The Urban Assembly Academy of Government and Law,M,Spanish,Chinatown,M445,"350 Grand Street, Manhattan NY 10002(40.717329, -73.989329)",212-505-0745,ewoods@uaagl.org
Brooklyn School for Music & Theatre,K,Spanish,Crown Heights South,K440,"883 Classon Avenue, Brooklyn NY 11225(40.669805, -73.960689)",718-230-6250,prandaz@schools.nyc.gov
W. H. Maxwell Career and Technical Education High School,K,Spanish,East New York,K660,"145 Pennsylvania Avenue, Brooklyn NY 11207(40.673766, -73.895976)",718-345-9100,LValesP@schools.nyc.gov
The Maxine Greene High School for Imaginative Inquiry,M,"Italian, Spanish",Lincoln Square,M490,"122 Amsterdam Avenue, Manhattan NY 10023(40.774891, -73.985608)",212-799-4064,pmartinez@schools.nyc.gov
The College Academy,M,Spanish,Washington Heights N.,M465,"549 Audubon Avenue, Manhattan NY 10040(40.856532, -73.92606)",212-927-1841,vhurtado@schools.nyc.gov
Middle College High School at LaGuardia Community College,Q,"American Sign Language, French, Italian, Spanish",Hunters Point-Sunnyside,Q520,"45-35 Van Dam Street, Long Island City NY 11101(40.743253, -73.933316)",718-392-3330,jgonzalez10@schools.nyc.gov
Bronx High School for Writing and Communication Arts,X,Spanish,Williamsbridge-Olinville,X425,"800 East Gun Hill Road, Bronx NY 10467(40.875172, -73.861649)",718-944-5660,DAgosto3@schools.nyc.gov
Orchard Collegiate Academy,M,Spanish,Lower East Side,M056,"220 Henry Street, Manhattan NY 10002(40.713362, -73.986051)",212-406-9411,dhamann@orchardcollegiateacademy.org
International School for Liberal Arts,X,Spanish,Van Cortlandt Village,X430,"2780 Reservoir Avenue, Bronx NY 10468(40.869061, -73.897066)",718-329-8570,FCruz32@schools.nyc.gov
Juan Morel Campos Secondary School,K,Spanish,Williamsburg,K071,"215 Heyward Street, Brooklyn NY 11206(40.703996, -73.953304)",718-302-7900,14K071@schools.nyc.gov
Business Technology Early College High School (BTECH),Q,Spanish,Bellerose,Q435,"230-17 Hillside Avenue, Queens Village NY 11427(40.733888, -73.739726)",718-217-3613,info@btechnyc.org
Bronx High School for Law and Community Service,X,Spanish,Belmont,X435,"500 East Fordham Road, Bronx NY 10458(40.859466, -73.888625)",718-733-5274,nelly.lopez-alvear@bronxlawhs.org
Eleanor Roosevelt High School,M,"French, Spanish",Lenox Hill,M855,"411 East 76th Street, Manhattan NY 10021(40.770288, -73.953276)",212-772-1220,info@erhsnyc.net
Rockaway Park High School for Environmental Sustainability,Q,Spanish,Breezy Point-Rockaway Park,Q410,"100-00 Beach Channel Drive, Rockaway Park NY 11694(40.586012, -73.825317)",718-734-3280,dgieske@schools.nyc.gov
World Academy for Total Community Health High School (WATCH),K,Spanish,East New York,K435,"400 Pennsylvania Avenue, Brooklyn NY 11207(40.666868, -73.895122)",718-688-7980,cjackson14@schools.nyc.gov
Gotham Professional Arts Academy,K,Other Language,Crown Heights North,K040,"561 Grand Avenue, Brooklyn NY 11238 (40.678549, -73.961768)",718-455-0746,AWhite10@schools.nyc.gov
"H.E.R.O. High (Health, Education, and Research Occupations High School)",X,"French, Spanish",Mott Haven-Port Morris,X655,"455 Southern Boulevard, Bronx NY 10455(40.810671, -73.907528)",718-585-8013,nbacci@herohigh.net
Cobble Hill School of American Studies,K,"French, Spanish",DUMBO-Downtown Brooklyn,K804,"347 Baltic Street, Brooklyn NY 11201(40.684869, -73.990884)",718-403-9544,amule@schools.nyc.gov
Murry Bergtraum High School for Business Careers,M,Spanish,Chinatown,M520,"411 Pearl Street, Manhattan NY 10038(40.711441, -74.000851)",212-964-9610,02M520@schools.nyc.gov
Validus Preparatory Academy,X,Spanish,Claremont-Bathgate,X970,"1595 Bathgate Avenue, Bronx NY 10457(40.839508, -73.901774)",718-466-4000,CHibber@schools.nyc.gov
"Science Skills Center High School for Science, Technology and the Creative Arts",K,"French, Spanish",DUMBO-Downtown Brooklyn,K805,"49 Flatbush Avenue Extension, Brooklyn NY 11201(40.69733, -73.984528)",718-243-9413,13K419@schools.nyc.gov
Edward R. Murrow High School,K,"French, Italian, Mandarin, Other Language, Russian, Spanish",Midwood,K525,"1600 Avenue L, Brooklyn NY 11230(40.619671, -73.959141)",718-258-9283,RDeInnocentiis@schools.nyc.gov
"Young Women's Leadership School, Astoria (TYWLS)",Q,Spanish,Old Astoria,Q739,"23-15 Newtown Avenue, Astoria NY 11102(40.770769, -73.92383)",718-267-2839,30Q286@schools.nyc.gov
Bronx River High School,X,Spanish,Schuylerville-Throgs Neck,X405,"3000 East Tremont Avenue, Bronx NY 10461(40.839775, -73.839583)",718-904-4210,contact@bronxriverhighschool.org
Jacqueline Kennedy Onassis High School,M,Spanish,Midtown,M486,"120 West 46th Street, Manhattan NY 10036(40.757626, -73.98346)",212-391-0041,edemeo@schools.nyc.gov
Eagle Academy for Young Men II,K,Spanish,Ocean Hill,K271,"1137 Herkimer Street, Brooklyn NY 11233(40.678124, -73.915106)",718-495-0863,eagleoceanhill@gmail.com
Boys and Girls High School,K,"American Sign Language, Spanish",Bedford-Stuyvesant,K455,"1700 Fulton Street, Brooklyn NY 11213(40.678478, -73.931604)",718-467-1700,info@boysandgirlshs.org
Queens Collegiate: A College Board School,Q,Spanish,Briarwood-Jamaica Hills,Q470,"167-01 Gothic Drive, Jamaica NY 11432(40.714551, -73.798658)",718-658-4016,MrErskine@queenscollegiate.org
Academy for College Preparation and Career Exploration: A College Board School,K,Spanish,Flatbush,K465,"911 Flatbush Avenue, Brooklyn NY 11226(40.649602, -73.957173)",718-564-2566,awilliams52@schools.nyc.gov
Baccalaureate School for Global Education,Q,"French, Mandarin, Spanish",Queensbridge-LIC,Q798,"34-12 36th Avenue, Astoria NY 11106(40.754975, -73.926977)",718-361-5275,bsgeadmissions@gmail.com
Flushing International High School,Q,English,Murray Hill,Q189,"144-80 Barclay Avenue, Flushing NY 11355(40.759963, -73.818399)",718-463-2348,yortiz-gavilanes@schools.nyc.gov
Bronx Compass High School,X,"French, Spanish",Castle Hill-Clason Point,X450,"1980 Lafayette Avenue, Bronx NY 10473(40.821218, -73.85593)",718-828-1206,ChaunitaOrellana@Bronxcompass.org
Urban Assembly New York Harbor School,M,"French, Mandarin, Spanish",Governors Island,M877,"10 South Street, Slip 7, Manhattan NY 10004(40.689493, -74.018941)",212-458-0800,admissions@newyorkharborschool.org
Brooklyn Studio Secondary School,K,"American Sign Language, Italian, Spanish",Bensonhurst West,K721,"8310 21st Avenue, Brooklyn NY 11214(40.60498, -73.995084)",718-266-5032,mortiz79@schools.nyc.gov
Frank Sinatra School of the Arts High School,Q,English,Astoria,Q570,"35-12 35th Avenue, Astoria NY 11106(40.756099, -73.925182)",718-361-9920,cmarchetta@schools.nyc.gov
New World High School,X,Spanish,Williamsbridge-Olinville,X362,"921 East 228th Street, Bronx NY 10466(40.888242, -73.852714)",718-696-3800,MGashi@schools.nyc.gov
International High School at Union Square,M,Spanish,Gramercy,M460,"40 Irving Place, Manhattan NY 10003(40.735361, -73.987064)",212-533-2560,info@ihs-us.org
Knowledge and Power Preparatory Academy International High School (KAPPA),X,"French, Spanish",Belmont,X435,"500 East Fordham Road, Bronx NY 10458(40.859466, -73.888625)",718-933-1247,info@kappainternational.org
Civic Leadership Academy,Q,"French, Spanish",Elmhurst,Q744,"45-10 94th Street, Elmhurst NY 11373(40.743228, -73.871505)",718-271-1487,info@CLAnyc.org
Susan E. Wagner High School,R,"French, Italian, Latin, Spanish",Todt Hill-Heartland Village,R460,"1200 Manor Road, Staten Island NY 10314(40.588985, -74.130819)",718-698-4200,sbarone@school.nyc.gov
New Directions Secondary School,X,Spanish,E. Concourse-Concourse Village,X410,"240 East 172nd Street, Bronx NY 10457(40.839307, -73.911366)",718-410-4343,newstudent@ndssonline.org
PROGRESS High School for Professional Careers,K,"American Sign Language, Spanish",Bushwick,K450,"850 Grand Street, Brooklyn NY 11211(40.711134, -73.938921)",718-387-0228,ecruz19@schools.nyc.gov
John Jay School for Law,K,"French, Spanish",Park Slope-Gowanus,K460,"237 7th Avenue, Brooklyn NY 11215(40.669255, -73.97858)",718-832-4250,admissions@johnjaylawhs.org
High School of American Studies at Lehman College,X,"French, Italian, Spanish",Van Cortlandt Village,X905,"2925 Goulden Avenue, Bronx NY 10468(40.874725, -73.895543)",718-329-2144,atrebofiore@schools.nyc.gov
Academy for Careers in Television and Film (ACTV),Q,"French, Spanish",Hunters Point-Sunnyside,Q404,"1-50 51st Avenue, Long Island City NY 11101(40.742964, -73.959183)",718-609-3330,info@actvf.org
Quest to Learn,M,"French, Spanish",Chelsea-Union Sq,M440,"351 West 18th Street, Manhattan NY 10011(40.743407, -74.00254)",212-488-3645,Q2LUpperSchool@Q2L.org
World View High School,X,"French, Japanese, Spanish",Van Cortlandt Village,X440,"100 West Mosholu Parkway South, Bronx NY 10468(40.879958, -73.889011)",718-601-0391,info@worldviewhs.org
"Science, Technology and Research Early College High School at Erasmus (STAR)",K,"French, Spanish",Flatbush,K465,"911 Flatbush Avenue, Brooklyn NY 11226(40.649602, -73.957173)",718-564-2540,sgoulborne@starec.org
Bronx Studio School for Writers and Artists,X,Spanish,Hunts Point,X392,"928 Simpson Street, Bronx NY 10459(40.820388, -73.892961)",718-893-5158,DVerhille@schools.nyc.gov
Benjamin Franklin High School for Finance & Information Technology,Q,Spanish,Cambria Heights,Q490,"207- 01 116th Avenue, Cambria Heights NY 11411(40.698786, -73.74633)",718-276-0150,info@franklinfit.org
Wings Academy,X,"Mandarin, Spanish",East Tremont,X879,"1122 East 180th Street, Bronx NY 10460(40.841376, -73.875262)",718-597-1751,TWillia13@schools.nyc.gov
Multicultural High School,K,Spanish,Cypress Hills,K420,"999 Jamaica Avenue, Brooklyn NY 11208(40.693002, -73.869305)",718-827-2796,CFranco7@schools.nyc.gov
Bronx Bridges High School,X,Spanish,Castle Hill-Clason Point,X450,"1980 Lafayette Avenue, Bronx NY 10473(40.821218, -73.85593)",718-829-2984,vluna3@schools.nyc.gov
Townsend Harris High School,Q,"French, Greek, Japanese, Latin, Spanish",Kew Gardens Hills,Q515,"149-11 Melbourne Avenue, Flushing NY 11367(40.737038, -73.821532)",718-575-5580,admissions@thhs.qc.edu
Independence High School,M,Spanish,Clinton,M834,"850 10th Avenue, Manhattan NY 10019(40.767848, -73.98861)",212-262-8067,RSmolki@schools.nyc.gov
Business of Sports School (BOSS),M,Spanish,Clinton,M625,"439 West 49th Street, Manhattan NY 10019(40.763655, -73.990318)",212-246-2183,solomon@nycBOSS.org
The Global Learning Collaborative,M,"French, Italian, Spanish",Upper West Side,M470,"145 West 84th Street, Manhattan NY 10024(40.786134, -73.974483)",212-877-1103,casillas@theglcnyc.org
The Williamsburg High School of Arts and Technology,K,Spanish,East Williamsburg,K049,"223 Graham Avenue, Brooklyn NY 11206(40.709765, -73.944463)",718-599-1207,wburgarttech@gmail.com
Academy for Software Engineering (AFSE),M,Spanish,Gramercy,M460,"40 Irving Place, Manhattan NY 10003(40.735361, -73.987064)",212-253-3299,info@afsenyc.org
Pathways College Preparatory School: A College Board School,Q,Spanish,Hollis,Q192,"109-89 204th Street, Saint Albans NY 11412(40.705989, -73.752885)",718-454-4957,info@pathwaysprep.org
FDNY-Captain Vernon A. Richard High School for Fire and Life Safety,K,Spanish,East New York,K435,"400 Pennsylvania Avenue, Brooklyn NY 11207(40.666868, -73.895122)",718-688-7930,JAnders@schools.nyc.gov
Brooklyn Generation School,K,French,Canarsie,K515,"6565 Flatlands Avenue, Brooklyn NY 11236(40.634451, -73.916927)",718-968-4200,admissions@brooklyngeneration.org
Comprehensive Model School Project M.S. 327,X,Spanish,West Concourse,X240,"1501 Jerome Avenue, Bronx NY 10452(40.842503, -73.916084)",718-294-8111,aricci2@schools.nyc.gov
Francis Lewis High School,Q,"French, Italian, Japanese, Korean, Latin, Mandarin, Spanish",Auburndale,Q430,"58-20 Utopia Parkway, Fresh Meadows NY 11365(40.740875, -73.795049)",718-281-8200,CMiaoulis@schools.nyc.gov
Williamsburg Preparatory School,K,Spanish,Williamsburg,K650,"257 North 6th Street, Brooklyn NY 11211(40.715561, -73.954815)",718-302-2306,kwitkowski@williamsburgprep.org
Expeditionary Learning School for Community Leaders,K,Spanish,Gravesend,K400,"2630 Benson Avenue, Brooklyn NY 11214(40.593028, -73.986313)",718-333-7700,tmullen@leaders6-12.org
Bronx Engineering and Technology Academy,X,Spanish,Spuyten Duyvil-Kingsbridge,X475,"99 Terrace View Avenue, Bronx NY 10463(40.877379, -73.912686)",718-563-6678,MBrice@schools.nyc.gov
University Heights Secondary School,X,French,Melrose S.-Mott Haven N.,X470,"701 St. Anns Avenue, Bronx NY 10455(40.818041, -73.911633)",718-292-0578,hjoseph4@schools.nyc.gov
Bushwick Leaders High School for Academic Excellence,K,Spanish,Bushwick,K865,"797 Bushwick Avenue, Brooklyn NY 11221(40.695436, -73.927349)",718-919-4212,ygonzalez6@schools.nyc.gov
Manhattan International High School,M,English,Lenox Hill,M480,"317 East 67th Street, Manhattan NY 10065(40.765638, -73.959777)",212-517-6728,GRodriguez2@schools.nyc.gov
Forest Hills High School,Q,"American Sign Language, French, Hebrew, Italian, Japanese, Mandarin, Spanish",Forest Hills,Q440,"67-01 110th Street, Forest Hills NY 11375(40.730017, -73.843972)",718-268-3137,www.foresthillshs.org/apps/contact
Bronx Center for Science and Mathematics,X,Spanish,Claremont-Bathgate,X002,"1363 Fulton Avenue, Bronx NY 10456(40.833884, -73.902794)",718-992-7089,etom2@schools.nyc.gov
Bronx International High School,X,"Arabic, French, Spanish",Morrisania-Melrose,X400,"1110 Boston Road, Bronx NY 10456(40.827455, -73.90392)",718-620-1053,eanguei@schools.nyc.gov
"Metropolitan High School, The",X,Spanish,Longwood,X099,"1180 Rev. J.A. Polite Avenue, Bronx NY 10459(40.827539, -73.896925)",718-991-4634,lkey5@schools.nyc.gov
Queens Gateway to Health Sciences Secondary School,Q,Spanish,Flushing Heights-Hillcrest,Q695,"160-20 Goethals Avenue, Jamaica NY 11432(40.718027, -73.805923)",718-969-3155,JHenry2@schools.nyc.gov
Veritas Academy,Q,Spanish,Flushing,Q460,"35-01 Union Street, Flushing NY 11354(40.764892, -73.826811)",718-888-7520,cquatrano@schools.nyc.gov
High School of Sports Management,K,Spanish,Gravesend,K400,"2630 Benson Avenue, Brooklyn NY 11214(40.593028, -73.986313)",718-333-7650,dcradle@schools.nyc.gov
Fort Hamilton High School,K,"Arabic, French, Greek, Italian, Mandarin, Spanish",Bay Ridge,K490,"8301 Shore Road, Brooklyn NY 11209(40.626827, -74.038103)",718-748-1537,FortHamiltonHS@fthamiltonhs.org
Eagle Academy for Young Men of Harlem,M,Spanish,Central Harlem North,M136,"6 Edgecombe Avenue, Manhattan NY 10030(40.817228, -73.947151)",212-694-6051,CGraham11@schools.nyc.gov
Baruch College Campus High School,M,Spanish,Chelsea-Union Sq,M874,"55 East 25th Street, Manhattan NY 10010(40.741888, -73.985723)",212-683-7440,bcchs@bcchsnyc.net
Bronx Leadership Academy II High School,X,"French, Spanish",E. Concourse-Concourse Village,X790,"730 Concourse Village West, Bronx NY 10451(40.821828, -73.922366)",718-292-7171,rlobian@schools.nyc.gov
High School for Public Service: Heroes of Tomorrow,K,Spanish,Prospect Lefferts Gardens,K470,"600 Kingston Avenue, Brooklyn NY 11203(40.658671, -73.943839)",718-756-5325,dmiller24@schools.nyc.gov
The Academy of Urban Planning and Engineering,K,Spanish,Bushwick,K480,"400 Irving Avenue, Brooklyn NY 11237(40.696457, -73.911751)",718-381-7100,jsandoval2@schools.nyc.gov
The Eagle Academy for Young Men of Staten Island,R,,Stapleton-Rosebank,R049,"104 Gordon Street, Staten Island NY 10304(40.620443, -74.080695)",718-727-6201,JCameron@schools.nyc.gov
Claremont International High School,X,Spanish,E. Concourse-Concourse Village,X410,"240 East 172nd Street, Bronx NY 10457(40.839307, -73.911366)",718-410-4001,Edemchak@schools.nyc.gov
City College Academy of the Arts,M,"Arabic, French, Greek, Hebrew, Portuguese, Spanish",Washington Heights N.,M218,"4600 Broadway, Manhattan NY 10040(40.860951, -73.930082)",212-567-3164,BDrysdale@schools.nyc.gov
Staten Island Technical High School,R,Russian,New Dorp,R440,"485 Clawson Street, Staten Island NY 10306(40.568299, -74.117086)",718-667-3222,BMalenfant@schools.nyc.gov
Bronxdale High School,X,Spanish,Bronxdale,X415,"925 Astor Avenue, Bronx NY 10469(40.860443, -73.860729)",718-944-3655,info@bronxdalehs.org
Art and Design High School,M,"French, Spanish",E. Midtown,M488,"231-249 East 56th Street, Manhattan NY 10019(40.759248, -73.967204)",212-752-4340,jbrinegar@schools.nyc.gov
Millennium Art Academy,X,Spanish,Castle Hill-Clason Point,X450,"1980 Lafayette Avenue, Bronx NY 10473(40.821218, -73.85593)",718-824-0978,HGuy@schools.nyc.gov
Union Square Academy for Health Sciences,M,Spanish,Gramercy,M460,"40 Irving Place, Manhattan NY 10003(40.735361, -73.987064)",212-253-3110,BAscona@unionsquareacademy.org
Maspeth High School,Q,"Latin, Mandarin",Maspeth,Q585,"54-40 74th Street, Elmhurst NY 11373(40.729104, -73.887909)",718-803-7100,info@maspethhighschool.org
Central Park East High School,M,Spanish,East Harlem South,M013,"1573 Madison Avenue, Manhattan NY 10029(40.793649, -73.948488)",212-860-5929,slisbon@schools.nyc.gov
The Urban Assembly School for Applied Math and Science,X,"French, Spanish",Claremont-Bathgate,X970,"1595 Bathgate Avenue, Bronx NY 10457(40.839508, -73.901774)",718-466-7800,YRamirez@amsbronx.org
New Dorp High School,R,"Italian, Spanish",New Dorp,R435,"465 New Dorp Lane, Staten Island NY 10306(40.570909, -74.105878)",718-667-8686,cgannon@schools.nyc.gov
High School of World Cultures,X,"Arabic, French, Spanish",West Farms-Bronx River,X420,"1300 Boynton Avenue, Bronx NY 10472(40.832508, -73.878191)",718-860-8120,sschechter2@schools.nyc.gov
World Journalism Preparatory: A College Board School,Q,Spanish,Auburndale,Q025,"34-65 192nd Street, Flushing NY 11358(40.764884, -73.789365)",718-461-2219,JWerner2@schools.nyc.gov
John Bowne High School,Q,"Italian, Latin, Mandarin, Spanish",Kew Gardens Hills,Q425,"63-25 Main Street, Flushing NY 11367(40.737448, -73.823841)",718-263-1919,ICastillo@schools.nyc.gov
Hillcrest High School,Q,"French, Spanish",Briarwood-Jamaica Hills,Q505,"160-05 Highland Avenue, Jamaica NY 11432(40.709461, -73.803001)",718-658-5407,dmorris4@schools.nyc.gov
The Michael J. Petrides School,R,"Italian, Spanish",Todt Hill-Heartland Village,R880,"715 Ocean Terrace, Staten Island NY 10301(40.607637, -74.105883)",718-815-0186,ATabbit@schools.nyc.gov
Fordham High School for the Arts,X,Spanish,Belmont,X435,"500 East Fordham Road, Bronx NY 10458(40.859466, -73.888625)",718-733-4656,IBlige@schools.nyc.gov
High School for Civil Rights,K,Spanish,East New York,K435,"400 Pennsylvania Avenue, Brooklyn NY 11207(40.666868, -73.895122)",718-922-6289,msteele2@schools.nyc.gov
The Urban Assembly School for Global Commerce,M,"Mandarin, Spanish",Central Harlem North,M501,"2005 Madison Avenue, Manhattan NY 10035(40.807019, -73.938714)",212-831-5201,info@uaglobalcommerce.org
Bronx Early College Academy for Teaching & Learning,X,Spanish,E. Concourse-Concourse Village,X166,"250 East 164th Street, Bronx NY 10456(40.828009, -73.917705)",718-681-8287,awashington2@schools.nyc.gov
Secondary School for Journalism,K,French,Park Slope-Gowanus,K460,"237 7th Avenue, Brooklyn NY 11215(40.669255, -73.97858)",718-832-4201,ssjcyberarts@gmail.com
"Queens High School of Teaching, Liberal Arts and the Sciences",Q,Spanish,Bellerose,Q566,"74-20 Commonwealth Boulevard, Bellerose NY 11426(40.744197, -73.728834)",718-736-7100,ecorrado@schools.nyc.gov
Harry S Truman High School,X,"American Sign Language, French, Italian, Spanish",Co-op City,X455,"750 Baychester Avenue, Bronx NY 10475(40.874035, -73.831669)",718-904-5400,KAlfano@schools.nyc.gov
Women's Academy of Excellence,X,Spanish,Castle Hill-Clason Point,X174,"456 White Plains Road, Bronx NY 10473(40.815043, -73.85607)",718-542-0740,sburns@schools.nyc.gov
"Metropolitan Soundview High School, The",X,"Italian, Spanish",West Farms-Bronx River,X420,"1300 Boynton Avenue, Bronx NY 10472(40.832508, -73.878191)",718-860-8240,efrias@schools.nyc.gov
Leon M. Goldstein High School for the Sciences,K,"Arabic, Italian, Mandarin, Spanish",Manhattan Beach,K535,"1830 Shore Boulevard, Brooklyn NY 11235(40.578356, -73.934449)",718-368-8500,SHughes8@schools.nyc.gov
Cambria Heights Academy,Q,"Mandarin, Spanish",Jamaica,Q799,"188-04 91st Avenue, Hollis NY 11423(40.711857, -73.771196)",718-736-7320,Ms.Malary@nycacademy.org
Columbia Secondary School,M,"American Sign Language, Arabic, French, Japanese, Latin, Portuguese, Russian, Spanish",Morningside Heights,M125,"425 West 123rd Street, Manhattan NY 10027(40.810793, -73.955722)",212-666-1278,roxanabosch@columbiasecondary.org
Brooklyn Collaborative Studies,K,"American Sign Language, French, Other Language, Spanish",Carroll Gardens-Red Hook,K142,"610 Henry Street, Brooklyn NY 11231(40.679462, -74.002022)",718-923-4700,scill@bcs448.org
Rockaway Collegiate High School,Q,Spanish,Breezy Point-Rockaway Park,Q410,"100-00 Beach Channel Drive, Rockaway Park NY 11694(40.586012, -73.825317)",718-734-3290,ncrocker@schools.nyc.gov
Discovery High School,X,Spanish,Van Cortlandt Village,X430,"2780 Reservoir Avenue, Bronx NY 10468(40.869061, -73.897066)",718-733-3872,ksanchez@schools.nyc.gov
"Brooklyn School for Social Justice, The",K,Spanish,Bushwick,K480,"400 Irving Avenue, Brooklyn NY 11237(40.696457, -73.911751)",718-381-7100,AUribeOrtiz@shools.nyc.gov
George Washington Carver High School for the Sciences,Q,Spanish,Springfield Gardens North,Q420,"143-10 Springfield Boulevard, Springfield Gardens NY 11413(40.66903, -73.757744)",718-525-6439,jsutton2@schools.nyc.gov
Brooklyn Lab School,K,Spanish,Cypress Hills,K420,"999 Jamaica Avenue, Brooklyn NY 11208(40.693002, -73.869305)",718-235-3592,Ghenry3Schools.nyc.gov
"High School for Construction Trades, Engineering and Architecture",Q,Spanish,Richmond Hill,Q650,"94-06 104th Street, Ozone Park NY 11416(40.689177, -73.841475)",718-846-6280,Dcoragg@schools.nyc.gov
"High School for Mathematics, Science and Engineering at City College (HSMSE)",M,"German, Spanish",Manhattanville,M812,"240 Convent Avenue, Manhattan NY 10031(40.820208, -73.950354)",212-281-6490,info@hsmse.org
